accuracy,f1_score_0,f1_score_1,avg_loss
0.6366197183098592,0.6324786324786325,0.6406685236768802,0.6374104049424051
